model,empty_output_rate,illegal_action_rate,precision,recall,scene_accuracy,valid_scene_rate,valid_scene_accuracy
SmolVLM-256M-Instruct,0.0,0.05555555555555555,0.0,0.0,0.3333333333333333,1.0,0.3333333333333333
Qwen2.5-VL-3B-Instruct,0.0,0.0,0.16666666666666666,0.5,0.8333333333333334,1.0,0.8333333333333334
