model,sample_id,difficulty_level,plan_success,sim_success,collision_rate,trajectory_length,execution_time_sec,ee_final_error,grasp_stability,n_actions
SmolVLM-256M-Instruct,56,5,0.0,1.0,0.0,0.00012786032988669165,1.819400131353177e-05,0.0,0.0,1
SmolVLM-256M-Instruct,60,5,0.0,1.0,0.009210526315789473,0.9008057189515192,0.05812752899873885,0.0,0.0,3
Qwen2.5-VL-3B-Instruct,55,5,0.0,0.0,0.0,0.0001918116738610169,0.0052103420021012425,0.4138023634806968,0.0,1
Qwen2.5-VL-3B-Instruct,56,5,0.0,1.0,0.026415094339622643,0.8924227403893712,0.021740633997978875,0.019934510172997355,0.9,2
Qwen2.5-VL-3B-Instruct,57,5,0.0,1.0,0.016981132075471698,1.0266908509548334,0.019509047000610735,0.01996780830595986,0.9666666666666667,2
Qwen2.5-VL-3B-Instruct,58,5,0.0,1.0,0.0,0.7998908459913068,0.027347073002601974,0.019934481138095813,0.9,2
