{
  "image_width": 640,
  "image_height": 480,
  "views": {
    "front": {
      "eye": [
        1.1,
        0.0,
        0.55
      ],
      "target": [
        0.55,
        0.0,
        0.0
      ],
      "up": [
        0.0,
        0.0,
        1.0
      ],
      "fov_deg": 60.0,
      "near": 0.01,
      "far": 3.0,
      "intrinsics": {
        "fx": 415.69219381653056,
        "fy": 415.69219381653056,
        "cx": 319.5,
        "cy": 239.5,
        "width": 640,
        "height": 480
      },
      "view_matrix_col_major": [
        0.0,
        -0.7071067690849304,
        0.7071068286895752,
        0.0,
        0.9999999403953552,
        0.0,
        -0.0,
        0.0,
        -0.0,
        0.7071067690849304,
        0.7071068286895752,
        0.0,
        -0.0,
        0.3889087438583374,
        -1.1667263507843018,
        1.0
      ],
      "projection_matrix_col_major": [
        1.299038052558899,
        0.0,
        0.0,
        0.0,
        0.0,
        1.7320507764816284,
        0.0,
        0.0,
        0.0,
        0.0,
        -1.0066889524459839,
        -1.0,
        0.0,
        0.0,
        -0.020066889002919197,
        0.0
      ],
      "world_to_camera_row_major": [
        [
          0.0,
          0.9999999403953552,
          -0.0,
          -0.0
        ],
        [
          -0.7071067690849304,
          0.0,
          0.7071067690849304,
          0.3889087438583374
        ],
        [
          0.7071068286895752,
          -0.0,
          0.7071068286895752,
          -1.1667263507843018
        ],
        [
          0.0,
          0.0,
          0.0,
          1.0
        ]
      ],
      "camera_to_world_row_major": [
        [
          0.0,
          -0.7071067932881648,
          0.7071067336835231,
          1.1000000737569813
        ],
        [
          1.0000000596046483,
          0.0,
          0.0,
          0.0
        ],
        [
          0.0,
          0.7071067932881648,
          0.7071067336835231,
          0.5500000442541867
        ],
        [
          0.0,
          0.0,
          0.0,
          1.0
        ]
      ]
    },
    "top": {
      "eye": [
        0.55,
        0.0,
        1.1
      ],
      "target": [
        0.55,
        0.0,
        0.02
      ],
      "up": [
        1.0,
        0.0,
        0.0
      ],
      "fov_deg": 60.0,
      "near": 0.01,
      "far": 3.0,
      "intrinsics": {
        "fx": 415.69219381653056,
        "fy": 415.69219381653056,
        "cx": 319.5,
        "cy": 239.5,
        "width": 640,
        "height": 480
      },
      "view_matrix_col_major": [
        0.0,
        1.0,
        -0.0,
        0.0,
        -1.0,
        0.0,
        -0.0,
        0.0,
        0.0,
        0.0,
        1.0,
        0.0,
        -0.0,
        -0.550000011920929,
        -1.100000023841858,
        1.0
      ],
      "projection_matrix_col_major": [
        1.299038052558899,
        0.0,
        0.0,
        0.0,
        0.0,
        1.7320507764816284,
        0.0,
        0.0,
        0.0,
        0.0,
        -1.0066889524459839,
        -1.0,
        0.0,
        0.0,
        -0.020066889002919197,
        0.0
      ],
      "world_to_camera_row_major": [
        [
          0.0,
          -1.0,
          0.0,
          -0.0
        ],
        [
          1.0,
          0.0,
          0.0,
          -0.550000011920929
        ],
        [
          -0.0,
          -0.0,
          1.0,
          -1.100000023841858
        ],
        [
          0.0,
          0.0,
          0.0,
          1.0
        ]
      ],
      "camera_to_world_row_major": [
        [
          0.0,
          1.0,
          0.0,
          0.550000011920929
        ],
        [
          -1.0,
          -0.0,
          -0.0,
          -0.0
        ],
        [
          0.0,
          0.0,
          1.0,
          1.100000023841858
        ],
        [
          0.0,
          0.0,
          0.0,
          1.0
        ]
      ]
    },
    "side": {
      "eye": [
        0.3,
        -0.75,
        0.55
      ],
      "target": [
        0.55,
        0.0,
        0.0
      ],
      "up": [
        0.0,
        0.0,
        1.0
      ],
      "fov_deg": 60.0,
      "near": 0.01,
      "far": 3.0,
      "intrinsics": {
        "fx": 415.69219381653056,
        "fy": 415.69219381653056,
        "cx": 319.5,
        "cy": 239.5,
        "width": 640,
        "height": 480
      },
      "view_matrix_col_major": [
        0.9486833214759827,
        0.1805950105190277,
        -0.2595870792865753,
        0.0,
        -0.3162277638912201,
        0.5417850613594055,
        -0.7787612676620483,
        0.0,
        0.0,
        0.820886492729187,
        0.5710915923118591,
        0.0,
        -0.5217758417129517,
        -0.09932726621627808,
        -0.8202951550483704,
        1.0
      ],
      "projection_matrix_col_major": [
        1.299038052558899,
        0.0,
        0.0,
        0.0,
        0.0,
        1.7320507764816284,
        0.0,
        0.0,
        0.0,
        0.0,
        -1.0066889524459839,
        -1.0,
        0.0,
        0.0,
        -0.020066889002919197,
        0.0
      ],
      "world_to_camera_row_major": [
        [
          0.9486833214759827,
          -0.3162277638912201,
          0.0,
          -0.5217758417129517
        ],
        [
          0.1805950105190277,
          0.5417850613594055,
          0.820886492729187,
          -0.09932726621627808
        ],
        [
          -0.2595870792865753,
          -0.7787612676620483,
          0.5710915923118591,
          -0.8202951550483704
        ],
        [
          0.0,
          0.0,
          0.0,
          1.0
        ]
      ],
      "camera_to_world_row_major": [
        [
          0.9486832817536945,
          0.18059497584527245,
          -0.25958704054109644,
          0.30000003142993853
        ],
        [
          -0.3162277467565081,
          0.5417849445556692,
          -0.7787611460876077,
          -0.7499999763925956
        ],
        [
          2.3541465564517353e-09,
          0.8208862796213054,
          0.5710914770639028,
          0.5499999629825093
        ],
        [
          0.0,
          0.0,
          0.0,
          1.0
        ]
      ]
    }
  }
}