model,empty_output_rate,illegal_action_rate,precision,recall,scene_accuracy,valid_scene_rate,valid_scene_accuracy
SmolVLM-256M-Instruct,0.5333333333333333,0.3555555555555555,0.016129032258064516,0.012048192771084338,0.6666666666666666,1.0,0.6666666666666666
Qwen2.5-VL-3B-Instruct,0.7666666666666667,0.4666666666666667,0.1388888888888889,0.30120481927710846,0.5,1.0,0.5
