model,n_samples,task_success_rate,sim_success_rate,closed_loop_success_rate,collision_rate,trajectory_length_mean,execution_time_mean,ee_final_error_mean,grasp_stability_mean,enable_domain_randomization_rate,domain_randomization_strength_mean,camera_pose_jitter_mean
Qwen2.5-VL-3B-Instruct,6,0.0,0.8333333333333334,0.0,0.00880503144654088,0.7640162352089154,0.028004630831370985,0.0854740723552278,0.7777777777777777,1.0,0.35000000000000003,0.02
SmolVLM-256M-Instruct,6,0.0,1.0,0.0,0.004584574644157564,0.6710372545281736,0.03325023416376401,0.013293826329552151,0.6222222222222222,1.0,0.35000000000000003,0.02
